{
    "chstic": 17.329043830218012,
    "mbert": 9.115549580644004,
    "colorbert": 7.771920998171117,
    "main_pic_embeddings_resnet_v1_cosine_dist": 4.374512139904304,
    "pic_embeddings_main_to_others_dist_min": 1.3481465518730125,
    "brand_cat_feature": 0.9746680765178731,
    "char_lev_filter_a": 0.9171167262866233,
    "category_level_3": 0.8621713208117596,
    "char_lev_filter_n": 0.8318548170657956,
    "color_feature_min_distance": 0.7623601181742652,
    "char_intersect_t_full_n": 0.7316001667123722,
    "pic_embeddings_main_to_others_dist_max": 0.7186760196066787,
    "char_lcs_full_n": 0.6959342287560562,
    "char_intersect_l_full_n": 0.6771890745454134,
    "char_intersect_l_full_a": 0.6692224816742556,
    "union_mismatch_ratio": 0.6351233883700772,
    "n_name_norm_tokens_union_to_max": 0.609960964698659,
    "n_name_tokens_union_to_max": 0.6028000489427399,
    "n_attributes_joined_union_to_max": 0.600897888230892,
    "color_feature_mean_distance": 0.5898138838657278,
    "characteristics_attributes_tfidf_cosine_dist": 0.5867132241381359,
    "pic_embeddings_main_to_others_dist_median": 0.5858642390407347,
    "name_tokens_tfidf_cosine_dist": 0.5577522842232684,
    "char_lcp_filter_n": 0.5555903558011729,
    "char_lcs_full_a": 0.5491670169553298,
    "pic_embeddings_main_to_others_dist_mean": 0.5275042204211919,
    "n_name_list_matched_to_union": 0.5018984583255417,
    "tfidf_sim": 0.4982821203181751,
    "n_name_norm_list_matched_to_union": 0.4910450981074578,
    "n_name_norm_tokens_min_to_max": 0.48545341700200584,
    "name_norm_tokens_tfidf_cosine_dist": 0.48475623046516997,
    "n_characteristics_attributes_union_diff_matched": 0.47701615823755517,
    "n_name_norm_tokens_union_to_min": 0.47409059179550794,
    "n_characteristics_attributes_union": 0.4725752530973819,
    "char_intersect_t_full_a": 0.4661806887992678,
    "char_intersect_l_filter_n": 0.4587116532544272,
    "n_name_list_matched_to_min": 0.4583788931887401,
    "characteristics_tfidf_cosine_dist": 0.4511827383997966,
    "char_lcp_full_a": 0.4478952334259229,
    "n_attributes_joined_union_diff_matched": 0.4465421622734215,
    "char_lcs_filter_n": 0.44444495612750845,
    "n_name_tokens_min_to_max": 0.4370138838387336,
    "n_name_norm_list_union_to_max": 0.43443130702275046,
    "title_intersect_min": 0.42318512583450685,
    "char_intersect_t_filter_n": 0.41849129930278406,
    "char_intersect_l_filter_a": 0.40081733590970736,
    "n_characteristics_union_to_max": 0.39843940480362655,
    "char_lcp_filter_a": 0.39826777803929436,
    "char_lev_full_a": 0.3982427705564704,
    "n_characteristics_attributes_union_to_max": 0.39400803788572825,
    "title_levenshtein_distance": 0.3937880984462953,
    "n_name_tokens_union_to_min": 0.392452082766118,
    "n_name_norm_list_matched_to_min": 0.39068251142172505,
    "n_name_list_union_to_max": 0.387269589950067,
    "n_characteristics_attributes_diff": 0.38555873126527634,
    "n_pic_embeddings_resnet_v1_diff": 0.38361841455294377,
    "n_attributes_joined_union": 0.38259629569745324,
    "n_characteristics_matched_to_union": 0.38223519434858333,
    "char_lev_full_n": 0.37313914215084876,
    "n_name_norm_list_union_to_min": 0.3707997793230976,
    "n_name_norm_tokens_matched_to_min": 0.36810802869441983,
    "pic_embeddings_resnet_v1_fillness": 0.3663451002880244,
    "n_name_norm_list_lcs": 0.3587141067235855,
    "n_attributes_joined_matched_to_min": 0.35305190075624804,
    "n_name_norm_list_matched_to_max": 0.3525996852764603,
    "color_parsed_fillness": 0.35082978256955966,
    "n_pic_embeddings_resnet_v1_max": 0.3467117955708875,
    "n_characteristics_attributes_min": 0.3454002827149866,
    "n_name_list_matched_to_max": 0.3427576840952342,
    "n_name_list_union_to_min": 0.3410708976738456,
    "title_len_2": 0.3406663898014799,
    "n_characteristics_attributes_max": 0.338358916211283,
    "left_mismatch_ratio": 0.33746691130972173,
    "n_pic_embeddings_resnet_v1_min_to_max": 0.3369482841940092,
    "n_name_list_union": 0.3353229326432532,
    "n_name_list_min_to_max": 0.3341123537368028,
    "title_len_num_2": 0.3304638358309587,
    "char_lcs_filter_a": 0.3284816320768617,
    "n_name_norm_list_union": 0.324867637321649,
    "n_name_tokens_matched_to_min": 0.3245710808887321,
    "n_characteristics_attributes_min_to_max": 0.32407963214787594,
    "right_mismatch_ratio": 0.3189754735308553,
    "title_len_1": 0.31776959401007226,
    "char_lcp_full_n": 0.3167641864792854,
    "left_match_ratio": 0.31352347606057773,
    "color_feature_max_distance": 0.31266510019718236,
    "n_name_norm_list_lcs_to_min": 0.31244961871603444,
    "title_lcs": 0.3110826410776724,
    "n_name_norm_tokens_lcs_to_min": 0.3094573102394068,
    "n_characteristics_matched_to_min": 0.3029419190089456,
    "n_name_list_lcs": 0.302310284769093,
    "n_right_key": 0.30175084818088505,
    "n_left_key": 0.3015220209524148,
    "n_pic_embeddings_resnet_v1_min": 0.29812987750127906,
    "n_name_norm_list_matched": 0.29609955314975145,
    "n_name_list_lcs_to_min": 0.29490969339727197,
    "n_name_list_matched": 0.29086982939167083,
    "n_color_parsed_union_diff_matched": 0.29072821337093474,
    "title_len_num_1": 0.28419786938740965,
    "title_num_iou": 0.28387397583011775,
    "n_name_norm_tokens_matched_to_max": 0.2828888337142668,
    "n_mismatch": 0.28254173561705176,
    "char_intersect_t_filter_a": 0.27926801072093405,
    "n_attributes_joined_matched_to_max": 0.27895589743827365,
    "right_match_ratio": 0.2779612686579848,
    "n_name_norm_tokens_lcs_to_max": 0.2719696560924176,
    "n_name_list_union_diff_matched": 0.265977797654066,
    "n_name_tokens_matched_to_union": 0.2545639927785896,
    "n_attributes_joined_union_to_min": 0.254132698968509,
    "n_characteristics_union_diff_matched": 0.254037488329193,
    "n_name_norm_list_lcs_to_max": 0.25088587717220423,
    "category_level_4": 0.24805811943721734,
    "n_name_tokens_lcs_to_max": 0.24725821072061963,
    "color_parsed_tfidf_cosine_dist": 0.2466299534850983,
    "n_characteristics_attributes_matched": 0.24647797853998743,
    "n_name_tokens_matched_to_max": 0.24358254504842083,
    "title_num_intersect_max": 0.24267599457193162,
    "n_name_list_diff": 0.24050818241389332,
    "n_name_tokens_lcs_to_min": 0.23859284084235322,
    "n_characteristics_matched_to_max": 0.23561834637059423,
    "n_name_list_lcs_to_max": 0.23382137598252925,
    "n_characteristics_attributes_matched_to_min": 0.22607753955515758,
    "title_intersect_max": 0.22276871049731628,
    "n_name_list_lcp": 0.21291020714269845,
    "title_num_intersect_min": 0.2092338801893445,
    "n_name_list_lcp_to_min": 0.20061149432123512,
    "n_attributes_joined_matched_to_union": 0.197971268769489,
    "title_delta_max": 0.1954013386724312,
    "n_name_list_lcs_diff_lcp": 0.195357091960117,
    "n_name_tokens_lcp": 0.19481335944996245,
    "n_characteristics_attributes_union_to_min": 0.1947916216821721,
    "n_name_tokens_union": 0.1925052208121403,
    "n_characteristics_union_to_min": 0.19074513454466782,
    "n_name_norm_list_lcs_diff_lcp": 0.19066033356856468,
    "n_name_norm_list_min_to_max": 0.1902498699038616,
    "n_name_norm_list_max": 0.18474138638300838,
    "n_attributes_joined_matched": 0.17808051582076606,
    "n_characteristics_attributes_matched_to_union": 0.17772817443774686,
    "n_name_list_lcp_to_max": 0.17601910246109861,
    "n_name_norm_tokens_lcp": 0.17472987172047766,
    "n_name_norm_list_union_diff_matched": 0.16926007191721756,
    "n_name_tokens_lcs": 0.16921482589119116,
    "n_name_list_max": 0.16890466185001457,
    "n_name_list_min": 0.16729026836599462,
    "n_name_norm_tokens_union": 0.16657244860361214,
    "n_characteristics_attributes_matched_to_max": 0.1655903330467997,
    "n_name_tokens_max": 0.16553990290954745,
    "n_name_norm_list_lcp_to_min": 0.16367094942965532,
    "title_lcp": 0.1629844563527011,